<?xml version="1.0" encoding="UTF-8" standalone="yes"?>
<addon id="plugin.video.athena"                                                                                                                                    
	   name="[COLORmediumseagreen]Athena[/COLOR]"                                                 
	   version="1.0.4"                                                                                                                                        
	   provider-name="The Hood">
  <requires>
	<import addon="script.module.resolveurl"/>
  </requires>
  <extension point="xbmc.python.pluginsource"
            library="default.py">
        <provides>video</provides>
  </extension>
  <extension point="xbmc.addon.metadata">
    <summary lang="en">Athena</summary>
    <description lang="en">Athena Addon</description>
	
    <platform>all</platform>
	<assets>
            <icon>icon.png</icon>
            <fanart>fanart.jpg</fanart>
    </assets>
  </extension>
  
</addon>
